number,closed_at,created_at,timestamp
2356,"2023-07-05T10:49:09Z","2023-07-05T09:37:15Z","2023-07-07T10:17:24Z"
2355,,"2023-07-04T19:45:47Z","2023-07-07T10:17:25Z"
2351,"2023-06-29T13:34:19Z","2023-06-28T15:18:55Z","2023-07-07T10:17:26Z"
2350,,"2023-06-26T19:26:31Z","2023-07-07T10:17:27Z"
2349,"2023-06-26T16:42:58Z","2023-06-26T15:53:56Z","2023-07-07T10:17:28Z"
2346,"2023-06-29T11:44:16Z","2023-06-23T16:17:33Z","2023-07-07T10:17:29Z"
2345,"2023-07-05T17:18:17Z","2023-06-22T12:37:33Z","2023-07-07T10:17:30Z"
2344,"2023-06-23T14:44:27Z","2023-06-22T10:31:00Z","2023-07-07T10:17:31Z"
2342,"2023-06-23T13:03:38Z","2023-06-21T14:39:10Z","2023-07-07T10:17:32Z"
2341,"2023-06-23T13:03:55Z","2023-06-21T13:06:10Z","2023-07-07T10:17:33Z"
2339,"2023-06-22T10:12:27Z","2023-06-20T17:04:58Z","2023-07-07T10:17:34Z"
2337,"2023-06-22T12:36:23Z","2023-06-20T14:18:20Z","2023-07-07T10:17:35Z"
2335,"2023-06-19T10:02:42Z","2023-06-16T18:14:51Z","2023-07-07T10:17:36Z"
2331,"2023-06-13T13:13:30Z","2023-06-12T13:16:02Z","2023-07-07T10:17:37Z"
2330,,"2023-06-12T10:15:43Z","2023-07-07T10:17:38Z"
2328,"2023-06-13T13:37:26Z","2023-06-12T09:22:24Z","2023-07-07T10:17:39Z"
2327,,"2023-06-09T17:25:57Z","2023-07-07T10:17:40Z"
2325,"2023-06-14T11:53:48Z","2023-06-09T11:52:57Z","2023-07-07T10:17:41Z"
2322,"2023-06-14T11:53:03Z","2023-06-05T10:13:29Z","2023-07-07T10:17:42Z"
2321,,"2023-06-04T15:13:59Z","2023-07-07T10:17:43Z"
2316,"2023-05-26T12:45:49Z","2023-05-25T19:58:09Z","2023-07-07T10:17:44Z"
2315,"2023-05-25T19:40:02Z","2023-05-25T14:33:16Z","2023-07-07T10:17:45Z"
2314,"2023-05-25T14:11:38Z","2023-05-25T14:04:48Z","2023-07-07T10:17:46Z"
2311,"2023-05-25T14:31:16Z","2023-05-19T18:55:13Z","2023-07-07T10:17:47Z"
2310,"2023-05-22T12:40:01Z","2023-05-18T17:39:30Z","2023-07-07T10:17:48Z"
2307,"2023-05-25T19:36:37Z","2023-05-18T03:04:40Z","2023-07-07T10:17:49Z"
2306,"2023-05-17T09:53:24Z","2023-05-16T15:21:01Z","2023-07-07T10:17:50Z"
2305,"2023-05-17T10:32:30Z","2023-05-16T12:35:24Z","2023-07-07T10:17:51Z"
2304,"2023-05-15T03:45:26Z","2023-05-15T03:42:34Z","2023-07-07T10:17:52Z"
2303,,"2023-05-14T15:31:13Z","2023-07-07T10:17:53Z"
2299,"2023-05-12T09:57:40Z","2023-05-12T09:23:45Z","2023-07-07T10:17:54Z"
2298,,"2023-05-12T03:59:49Z","2023-07-07T10:17:55Z"
2297,"2023-05-11T11:25:51Z","2023-05-10T11:56:07Z","2023-07-07T10:17:56Z"
2291,"2023-05-10T17:13:38Z","2023-05-02T13:05:40Z","2023-07-07T10:17:57Z"
2289,"2023-05-01T10:37:09Z","2023-04-30T23:13:30Z","2023-07-07T10:17:58Z"
2277,"2023-04-18T12:19:19Z","2023-04-17T20:30:32Z","2023-07-07T10:17:59Z"
2274,"2023-04-17T13:12:20Z","2023-04-16T13:39:57Z","2023-07-07T10:18:00Z"
2273,"2023-05-02T13:58:24Z","2023-04-14T18:05:04Z","2023-07-07T10:18:01Z"
2272,"2023-05-08T14:03:24Z","2023-04-14T18:02:34Z","2023-07-07T10:18:02Z"
2268,"2023-04-19T16:15:55Z","2023-04-11T19:18:34Z","2023-07-07T10:18:03Z"
2266,"2023-04-10T17:25:02Z","2023-04-10T11:36:52Z","2023-07-07T10:18:04Z"
2262,"2023-04-07T09:44:57Z","2023-04-04T14:43:31Z","2023-07-07T10:18:05Z"
2255,"2023-04-25T11:50:16Z","2023-04-02T11:56:38Z","2023-07-07T10:18:06Z"
2253,,"2023-03-30T14:36:22Z","2023-07-07T10:18:07Z"
2252,"2023-03-29T16:18:55Z","2023-03-29T15:27:36Z","2023-07-07T10:18:08Z"
2248,"2023-03-27T13:34:44Z","2023-03-25T06:02:09Z","2023-07-07T10:18:09Z"
2243,"2023-03-21T16:58:08Z","2023-03-21T10:02:49Z","2023-07-07T10:18:10Z"
2242,"2023-04-20T10:18:38Z","2023-03-20T18:13:28Z","2023-07-07T10:18:11Z"
2239,,"2023-03-17T16:09:14Z","2023-07-07T10:18:12Z"
2235,"2023-05-09T18:42:58Z","2023-03-15T20:11:38Z","2023-07-07T10:18:13Z"
2234,"2023-05-10T14:35:37Z","2023-03-15T19:38:02Z","2023-07-07T10:18:14Z"
2232,"2023-04-20T13:18:47Z","2023-03-15T03:03:31Z","2023-07-07T10:18:15Z"
2230,"2023-04-20T10:19:41Z","2023-03-14T19:19:51Z","2023-07-07T10:18:16Z"
2227,"2023-05-17T10:12:36Z","2023-03-12T13:26:38Z","2023-07-07T10:18:17Z"
2226,"2023-03-27T13:35:24Z","2023-03-11T23:02:15Z","2023-07-07T10:18:18Z"
2220,"2023-04-17T17:02:54Z","2023-03-06T12:41:50Z","2023-07-07T10:18:19Z"
2219,"2023-03-08T12:30:59Z","2023-03-04T00:15:30Z","2023-07-07T10:18:20Z"
2217,"2023-03-15T15:03:04Z","2023-03-03T14:45:34Z","2023-07-07T10:18:21Z"
2216,"2023-03-15T12:45:09Z","2023-03-03T11:35:01Z","2023-07-07T10:18:22Z"
2213,"2023-02-28T14:47:11Z","2023-02-28T09:59:27Z","2023-07-07T10:18:23Z"
2211,"2023-03-01T17:50:35Z","2023-02-26T17:36:36Z","2023-07-07T10:18:24Z"
2208,"2023-02-27T10:18:16Z","2023-02-24T18:18:49Z","2023-07-07T10:18:25Z"
2207,"2023-02-24T15:21:57Z","2023-02-23T18:37:40Z","2023-07-07T10:18:26Z"
2201,,"2023-02-20T19:07:07Z","2023-07-07T10:18:27Z"
2200,"2023-02-24T13:20:19Z","2023-02-20T18:41:34Z","2023-07-07T10:18:28Z"
2193,"2023-02-14T17:44:38Z","2023-02-14T17:00:37Z","2023-07-07T10:18:29Z"
2191,,"2023-02-13T16:02:49Z","2023-07-07T10:18:30Z"
2189,"2023-04-19T16:34:00Z","2023-02-10T22:34:43Z","2023-07-07T10:18:31Z"
2180,"2023-02-07T12:20:45Z","2023-01-30T16:13:58Z","2023-07-07T10:18:32Z"
2176,"2023-02-06T14:42:43Z","2023-01-27T17:38:10Z","2023-07-07T10:18:33Z"
2175,"2023-02-06T14:04:19Z","2023-01-27T15:57:18Z","2023-07-07T10:18:34Z"
2172,"2023-01-27T16:04:08Z","2023-01-27T10:01:13Z","2023-07-07T10:18:35Z"
2169,"2023-01-27T17:26:06Z","2023-01-26T17:12:07Z","2023-07-07T10:18:36Z"
2168,"2023-01-26T11:30:51Z","2023-01-26T10:01:24Z","2023-07-07T10:18:37Z"
2167,"2023-01-26T11:15:59Z","2023-01-25T15:55:01Z","2023-07-07T10:18:38Z"
2160,"2023-03-01T15:50:50Z","2023-01-17T19:32:20Z","2023-07-07T10:18:39Z"
2156,"2023-05-09T15:30:56Z","2023-01-14T22:36:36Z","2023-07-07T10:18:40Z"
2151,,"2023-01-10T14:48:09Z","2023-07-07T10:18:41Z"
2150,"2023-01-17T13:06:05Z","2023-01-10T13:41:54Z","2023-07-07T10:18:42Z"
2149,"2023-01-10T14:39:34Z","2023-01-10T12:27:09Z","2023-07-07T10:18:43Z"
2148,"2023-02-06T13:40:03Z","2023-01-09T19:03:27Z","2023-07-07T10:18:44Z"
2147,"2023-01-09T17:49:09Z","2023-01-09T16:07:13Z","2023-07-07T10:18:45Z"
2146,"2023-01-05T14:32:36Z","2023-01-05T11:08:01Z","2023-07-07T10:18:46Z"
2144,"2023-01-03T22:02:17Z","2023-01-03T11:41:53Z","2023-07-07T10:18:47Z"
2140,"2023-02-23T17:35:57Z","2022-12-26T12:36:10Z","2023-07-07T10:18:48Z"
2139,"2023-02-23T17:35:46Z","2022-12-26T11:15:31Z","2023-07-07T10:18:49Z"
2137,"2023-02-14T13:29:09Z","2022-12-23T12:42:11Z","2023-07-07T10:18:50Z"
2136,"2022-12-29T17:13:40Z","2022-12-22T06:56:56Z","2023-07-07T10:18:51Z"
2133,"2023-02-23T17:35:34Z","2022-12-20T10:13:02Z","2023-07-07T10:18:52Z"
2126,"2023-02-23T17:35:16Z","2022-12-16T09:53:49Z","2023-07-07T10:18:53Z"
2125,"2022-12-14T18:19:36Z","2022-12-13T18:30:00Z","2023-07-07T10:18:54Z"
2123,"2022-12-19T14:15:41Z","2022-12-13T13:33:39Z","2023-07-07T10:18:55Z"
2117,"2022-12-05T10:16:01Z","2022-12-03T07:30:00Z","2023-07-07T10:18:56Z"
2116,"2022-12-02T14:40:35Z","2022-12-02T12:44:10Z","2023-07-07T10:18:57Z"
2113,"2022-11-29T17:08:33Z","2022-11-29T14:45:30Z","2023-07-07T10:18:58Z"
2112,"2023-02-06T17:00:02Z","2022-11-29T13:38:02Z","2023-07-07T10:18:59Z"
2111,"2023-01-24T17:07:33Z","2022-11-29T11:52:05Z","2023-07-07T10:19:00Z"
2109,"2022-11-25T15:46:09Z","2022-11-24T13:08:36Z","2023-07-07T10:19:01Z"
2106,"2022-11-21T17:55:17Z","2022-11-21T16:39:28Z","2023-07-07T10:19:02Z"
2105,"2022-11-23T17:15:50Z","2022-11-21T16:14:47Z","2023-07-07T10:19:03Z"
2101,"2022-11-28T09:27:28Z","2022-11-18T16:30:06Z","2023-07-07T10:19:04Z"
2100,"2022-11-24T14:07:46Z","2022-11-18T14:03:15Z","2023-07-07T10:19:05Z"
2098,"2022-11-16T18:20:16Z","2022-11-16T17:50:54Z","2023-07-07T10:19:06Z"
2094,"2023-02-23T17:33:13Z","2022-11-09T07:33:41Z","2023-07-07T10:19:07Z"
2093,"2022-11-22T14:55:51Z","2022-11-08T20:16:26Z","2023-07-07T10:19:08Z"
2092,"2022-12-02T13:34:55Z","2022-11-08T17:41:09Z","2023-07-07T10:19:09Z"
2086,"2022-11-14T16:35:57Z","2022-11-05T19:46:25Z","2023-07-07T10:19:10Z"
2084,"2022-11-10T15:51:42Z","2022-11-02T07:58:24Z","2023-07-07T10:19:11Z"
2082,"2022-10-31T16:55:17Z","2022-10-29T13:19:28Z","2023-07-07T10:19:12Z"
2081,"2022-10-28T12:15:45Z","2022-10-28T12:01:58Z","2023-07-07T10:19:13Z"
2080,"2022-11-10T16:25:09Z","2022-10-28T08:21:45Z","2023-07-07T10:19:14Z"
2076,"2022-10-27T15:27:35Z","2022-10-24T15:41:07Z","2023-07-07T10:19:15Z"
2073,"2022-10-27T15:51:51Z","2022-10-24T12:34:54Z","2023-07-07T10:19:16Z"
2070,"2022-11-01T12:34:38Z","2022-10-20T15:55:41Z","2023-07-07T10:19:17Z"
2069,"2022-10-27T15:45:16Z","2022-10-19T16:37:39Z","2023-07-07T10:19:18Z"
2068,"2022-11-15T11:32:38Z","2022-10-19T10:55:49Z","2023-07-07T10:19:19Z"
2067,"2022-10-19T10:15:00Z","2022-10-19T09:22:54Z","2023-07-07T10:19:20Z"
2063,"2022-10-14T14:18:08Z","2022-10-13T16:58:52Z","2023-07-07T10:19:21Z"
2062,"2022-10-13T13:45:39Z","2022-10-13T13:25:32Z","2023-07-07T10:19:22Z"
2061,"2022-10-13T15:20:02Z","2022-10-13T13:21:18Z","2023-07-07T10:19:23Z"
2059,"2022-10-13T10:11:35Z","2022-10-12T16:15:37Z","2023-07-07T10:19:24Z"
2055,"2022-10-17T11:59:35Z","2022-10-10T18:16:17Z","2023-07-07T10:19:25Z"
2052,"2022-10-13T15:19:03Z","2022-10-10T00:25:22Z","2023-07-07T10:19:26Z"
2048,"2022-10-04T13:09:05Z","2022-10-03T10:17:30Z","2023-07-07T10:19:27Z"
2041,"2022-10-21T14:05:55Z","2022-09-22T21:13:11Z","2023-07-07T10:19:28Z"
2040,"2022-09-22T16:06:52Z","2022-09-22T15:02:59Z","2023-07-07T10:19:29Z"
2039,"2022-09-21T15:16:38Z","2022-09-21T14:54:48Z","2023-07-07T10:19:30Z"
2034,"2023-02-14T14:32:50Z","2022-09-08T11:01:42Z","2023-07-07T10:19:31Z"
2033,"2022-09-09T11:05:55Z","2022-09-08T10:25:56Z","2023-07-07T10:19:32Z"
2031,"2022-09-15T14:19:19Z","2022-09-06T15:55:55Z","2023-07-07T10:19:33Z"
2028,"2022-09-06T16:31:53Z","2022-09-03T15:23:26Z","2023-07-07T10:19:34Z"
2027,"2022-09-06T16:28:00Z","2022-09-03T15:01:01Z","2023-07-07T10:19:35Z"
2026,"2022-09-22T15:18:48Z","2022-09-02T15:41:07Z","2023-07-07T10:19:36Z"
2022,"2022-08-29T10:48:26Z","2022-08-29T10:28:03Z","2023-07-07T10:19:37Z"
2020,"2022-08-29T10:24:20Z","2022-08-27T11:47:44Z","2023-07-07T10:19:38Z"
2016,"2022-08-25T17:19:11Z","2022-08-19T13:05:56Z","2023-07-07T10:19:39Z"
2015,"2022-09-07T09:47:47Z","2022-08-18T14:53:44Z","2023-07-07T10:19:40Z"
2014,"2022-08-18T15:57:18Z","2022-08-18T12:38:17Z","2023-07-07T10:19:41Z"
2013,"2022-08-16T12:45:16Z","2022-08-16T11:47:02Z","2023-07-07T10:19:42Z"
2012,"2023-02-16T13:26:38Z","2022-08-16T09:31:03Z","2023-07-07T10:19:43Z"
2011,"2022-08-15T11:32:23Z","2022-08-12T07:11:31Z","2023-07-07T10:19:44Z"
2010,"2023-03-06T14:03:35Z","2022-08-09T11:46:41Z","2023-07-07T10:19:45Z"
2009,"2022-08-17T15:53:53Z","2022-08-09T10:07:09Z","2023-07-07T10:19:46Z"
2008,"2022-08-18T12:20:32Z","2022-08-09T08:09:26Z","2023-07-07T10:19:47Z"
2007,"2022-08-15T15:52:44Z","2022-08-08T17:48:27Z","2023-07-07T10:19:48Z"
2004,"2022-08-25T14:35:02Z","2022-08-02T15:49:27Z","2023-07-07T10:19:49Z"
2001,"2022-09-07T17:52:08Z","2022-07-25T19:51:27Z","2023-07-07T10:19:50Z"
1999,"2022-07-21T17:20:29Z","2022-07-20T12:04:08Z","2023-07-07T10:19:51Z"
1997,"2022-07-19T21:41:31Z","2022-07-19T11:15:16Z","2023-07-07T10:19:52Z"
1992,"2022-09-22T17:53:26Z","2022-07-14T20:27:39Z","2023-07-07T10:19:53Z"
1991,"2023-01-09T13:26:35Z","2022-07-14T16:37:32Z","2023-07-07T10:19:54Z"
1988,"2022-09-23T12:21:30Z","2022-07-12T22:14:02Z","2023-07-07T10:19:55Z"
1983,"2022-07-11T11:10:32Z","2022-07-06T15:42:41Z","2023-07-07T10:19:56Z"
1982,"2022-07-12T16:00:03Z","2022-07-06T13:43:33Z","2023-07-07T10:19:57Z"
1981,"2022-07-05T14:02:26Z","2022-07-04T21:00:15Z","2023-07-07T10:19:58Z"
1980,"2022-07-05T15:37:14Z","2022-07-04T16:50:18Z","2023-07-07T10:19:59Z"
1979,"2022-07-07T11:49:35Z","2022-07-04T12:03:18Z","2023-07-07T10:20:00Z"
1977,"2022-07-04T09:43:07Z","2022-06-30T16:42:58Z","2023-07-07T10:20:01Z"
1975,"2022-06-29T13:03:53Z","2022-06-29T08:06:37Z","2023-07-07T10:20:02Z"
1974,"2022-06-28T14:53:34Z","2022-06-27T12:51:02Z","2023-07-07T10:20:03Z"
1973,"2022-07-04T10:17:25Z","2022-06-27T08:23:49Z","2023-07-07T10:20:04Z"
1969,"2022-06-17T20:43:27Z","2022-06-16T17:20:47Z","2023-07-07T10:20:05Z"
1968,"2022-06-15T18:20:53Z","2022-06-14T11:42:06Z","2023-07-07T10:20:06Z"
1967,"2022-06-16T09:09:04Z","2022-06-13T12:48:56Z","2023-07-07T10:20:07Z"
1964,"2022-06-09T19:45:18Z","2022-06-09T18:24:16Z","2023-07-07T10:20:08Z"
1963,"2022-06-24T14:41:45Z","2022-06-04T13:38:07Z","2023-07-07T10:20:09Z"
1962,"2022-06-24T14:43:57Z","2022-06-03T14:49:45Z","2023-07-07T10:20:10Z"
1960,"2022-06-16T11:27:03Z","2022-06-02T19:42:22Z","2023-07-07T10:20:11Z"
1959,"2022-06-02T13:16:50Z","2022-06-02T09:48:08Z","2023-07-07T10:20:12Z"
1958,"2022-06-15T19:48:03Z","2022-06-01T09:52:00Z","2023-07-07T10:20:13Z"
1954,"2022-06-07T15:24:29Z","2022-05-29T07:11:57Z","2023-07-07T10:20:14Z"
1949,"2022-05-25T10:16:48Z","2022-05-25T10:12:49Z","2023-07-07T10:20:15Z"
1948,"2022-05-25T09:08:46Z","2022-05-24T16:03:23Z","2023-07-07T10:20:16Z"
1941,"2022-05-23T09:56:01Z","2022-05-18T14:39:09Z","2023-07-07T10:20:17Z"
1938,"2022-06-28T14:10:30Z","2022-05-16T09:44:53Z","2023-07-07T10:20:18Z"
1928,"2022-05-18T08:07:03Z","2022-05-06T10:15:29Z","2023-07-07T10:20:19Z"
1926,"2022-05-05T20:15:46Z","2022-05-04T14:08:30Z","2023-07-07T10:20:20Z"
1924,"2022-05-04T11:57:37Z","2022-05-04T10:23:08Z","2023-07-07T10:20:21Z"
1921,"2022-05-31T22:40:21Z","2022-04-29T09:28:57Z","2023-07-07T10:20:22Z"
1919,"2022-06-24T14:36:32Z","2022-04-27T14:42:13Z","2023-07-07T10:20:23Z"
1917,"2022-04-27T14:14:55Z","2022-04-27T10:19:13Z","2023-07-07T10:20:24Z"
1916,"2022-04-27T13:22:03Z","2022-04-27T10:11:45Z","2023-07-07T10:20:25Z"
1913,"2022-04-26T16:18:47Z","2022-04-26T15:52:01Z","2023-07-07T10:20:26Z"
1907,"2022-06-07T15:56:22Z","2022-04-20T03:39:42Z","2023-07-07T10:20:27Z"
1901,"2022-06-30T12:43:42Z","2022-04-13T22:07:49Z","2023-07-07T10:20:28Z"
1897,"2022-10-26T12:15:28Z","2022-04-07T01:28:14Z","2023-07-07T10:20:29Z"
1878,"2022-03-17T13:55:03Z","2022-03-04T17:51:12Z","2023-07-07T10:20:30Z"
1863,"2022-02-17T13:06:20Z","2022-02-10T11:41:48Z","2023-07-07T10:20:31Z"
1857,"2022-04-29T09:01:50Z","2022-02-04T13:17:10Z","2023-07-07T10:20:32Z"
1855,"2022-02-24T16:27:03Z","2022-02-04T00:46:42Z","2023-07-07T10:20:33Z"
1853,"2023-04-20T17:02:27Z","2022-02-03T17:05:58Z","2023-07-07T10:20:34Z"
1851,"2022-09-22T17:38:37Z","2022-01-31T12:47:55Z","2023-07-07T10:20:35Z"
1849,"2022-02-22T12:31:42Z","2022-01-26T12:08:56Z","2023-07-07T10:20:36Z"
1846,"2022-09-07T17:58:25Z","2022-01-25T16:11:37Z","2023-07-07T10:20:37Z"
1841,"2022-05-11T11:13:57Z","2022-01-24T13:25:38Z","2023-07-07T10:20:38Z"
1840,"2022-02-08T11:23:02Z","2022-01-24T12:55:29Z","2023-07-07T10:20:39Z"
1832,"2022-01-26T09:45:00Z","2022-01-19T09:52:39Z","2023-07-07T10:20:40Z"
1830,"2022-02-02T13:38:23Z","2022-01-14T22:08:32Z","2023-07-07T10:20:41Z"
1828,"2022-01-18T14:04:09Z","2022-01-13T10:12:58Z","2023-07-07T10:20:42Z"
1827,"2022-01-18T08:39:00Z","2022-01-12T16:21:48Z","2023-07-07T10:20:43Z"
1825,"2022-01-17T16:48:40Z","2022-01-11T21:52:33Z","2023-07-07T10:20:44Z"
1822,"2022-01-28T15:23:48Z","2022-01-09T12:28:13Z","2023-07-07T10:20:45Z"
1821,"2022-01-28T13:30:28Z","2022-01-09T09:56:04Z","2023-07-07T10:20:46Z"
1818,"2022-01-19T11:34:03Z","2022-01-07T06:13:54Z","2023-07-07T10:20:47Z"
1816,"2022-01-18T14:27:12Z","2022-01-06T21:36:27Z","2023-07-07T10:20:48Z"
1805,"2021-12-25T12:58:01Z","2021-12-25T10:17:01Z","2023-07-07T10:20:49Z"
1804,"2021-12-27T15:40:50Z","2021-12-22T16:50:56Z","2023-07-07T10:20:50Z"
1795,"2021-12-20T12:35:00Z","2021-12-12T22:13:02Z","2023-07-07T10:20:51Z"
1794,"2021-12-13T09:36:17Z","2021-12-11T20:05:04Z","2023-07-07T10:20:52Z"
1790,"2021-12-08T09:10:40Z","2021-12-08T09:04:58Z","2023-07-07T10:20:53Z"
1788,"2021-12-15T15:57:20Z","2021-12-07T13:22:00Z","2023-07-07T10:20:54Z"
1782,"2021-11-30T13:17:10Z","2021-11-29T14:01:43Z","2023-07-07T10:20:55Z"
1777,"2021-12-15T15:55:06Z","2021-11-24T14:10:17Z","2023-07-07T10:20:56Z"
1772,"2021-11-22T16:50:18Z","2021-11-22T16:39:36Z","2023-07-07T10:20:57Z"
1767,"2021-11-22T12:21:46Z","2021-11-19T13:56:23Z","2023-07-07T10:20:58Z"
1757,"2021-11-11T12:17:08Z","2021-11-11T11:58:48Z","2023-07-07T10:20:59Z"
1754,"2022-06-21T11:44:21Z","2021-11-08T14:50:35Z","2023-07-07T10:21:00Z"
1749,"2021-11-22T09:35:35Z","2021-11-01T13:56:02Z","2023-07-07T10:21:01Z"
1740,"2021-12-23T14:39:44Z","2021-10-22T21:11:09Z","2023-07-07T10:21:02Z"
1733,"2021-10-29T11:41:49Z","2021-10-18T15:03:16Z","2023-07-07T10:21:03Z"
1731,"2021-10-19T13:53:13Z","2021-10-17T16:25:52Z","2023-07-07T10:21:04Z"
1723,"2021-10-13T10:47:56Z","2021-10-13T09:25:15Z","2023-07-07T10:21:05Z"
1722,"2021-10-13T10:48:33Z","2021-10-12T16:38:52Z","2023-07-07T10:21:06Z"
1721,"2021-10-29T08:44:50Z","2021-10-11T19:42:57Z","2023-07-07T10:21:07Z"
1720,"2021-10-14T12:54:08Z","2021-10-11T11:50:34Z","2023-07-07T10:21:08Z"
1717,"2021-10-08T12:09:54Z","2021-10-08T09:29:32Z","2023-07-07T10:21:09Z"
1712,"2021-10-14T11:29:12Z","2021-10-01T21:31:19Z","2023-07-07T10:21:10Z"
1708,"2021-09-30T12:02:49Z","2021-09-29T13:43:30Z","2023-07-07T10:21:11Z"
1706,"2021-11-10T10:59:06Z","2021-09-28T13:24:51Z","2023-07-07T10:21:12Z"
1697,"2021-09-23T13:07:40Z","2021-09-23T11:39:00Z","2023-07-07T10:21:13Z"
1696,"2021-09-23T13:51:11Z","2021-09-23T11:25:13Z","2023-07-07T10:21:14Z"
1691,"2021-11-11T11:42:43Z","2021-09-22T12:27:29Z","2023-07-07T10:21:15Z"
1690,"2021-09-22T15:57:11Z","2021-09-21T15:25:25Z","2023-07-07T10:21:16Z"
1688,"2021-09-22T15:56:16Z","2021-09-21T13:33:49Z","2023-07-07T10:21:17Z"
1686,"2021-11-22T15:37:37Z","2021-09-18T14:01:41Z","2023-07-07T10:21:18Z"
1678,"2022-07-04T12:05:40Z","2021-09-16T23:57:26Z","2023-07-07T10:21:19Z"
1677,"2021-09-23T17:01:53Z","2021-09-16T11:12:20Z","2023-07-07T10:21:20Z"
1676,"2023-04-20T17:04:44Z","2021-09-15T21:27:02Z","2023-07-07T10:21:21Z"
1667,"2021-09-17T14:48:19Z","2021-09-10T08:54:07Z","2023-07-07T10:21:22Z"
1665,"2021-09-08T15:01:50Z","2021-09-07T19:12:12Z","2023-07-07T10:21:23Z"
1661,"2021-09-06T11:39:17Z","2021-09-06T10:58:24Z","2023-07-07T10:21:24Z"
1658,"2021-09-06T12:09:46Z","2021-09-03T18:35:32Z","2023-07-07T10:21:25Z"
1656,"2021-09-03T16:37:17Z","2021-09-03T15:48:23Z","2023-07-07T10:21:26Z"
1651,"2021-08-31T12:43:14Z","2021-08-29T12:31:08Z","2023-07-07T10:21:27Z"
1650,"2021-08-29T12:27:07Z","2021-08-29T12:25:02Z","2023-07-07T10:21:28Z"
1641,"2021-08-20T17:07:24Z","2021-08-20T14:45:33Z","2023-07-07T10:21:29Z"
1638,"2022-01-24T13:38:17Z","2021-08-17T14:27:29Z","2023-07-07T10:21:30Z"
1637,"2021-08-17T11:05:19Z","2021-08-16T14:27:58Z","2023-07-07T10:21:31Z"
1635,"2021-08-17T15:12:21Z","2021-08-13T15:10:38Z","2023-07-07T10:21:32Z"
1634,"2021-08-17T19:47:25Z","2021-08-13T14:03:06Z","2023-07-07T10:21:33Z"
1631,"2021-08-12T11:51:59Z","2021-08-10T18:43:59Z","2023-07-07T10:21:34Z"
1629,"2021-08-10T14:20:07Z","2021-08-09T22:04:28Z","2023-07-07T10:21:35Z"
1624,"2021-09-03T14:08:35Z","2021-08-03T14:17:48Z","2023-07-07T10:21:36Z"
1614,"2021-09-17T15:31:50Z","2021-07-27T01:07:04Z","2023-07-07T10:21:37Z"
1611,"2021-07-26T10:28:06Z","2021-07-23T19:38:16Z","2023-07-07T10:21:38Z"
1608,"2021-08-26T14:17:40Z","2021-07-20T16:27:30Z","2023-07-07T10:21:39Z"
1597,"2021-07-12T16:38:07Z","2021-07-12T16:29:57Z","2023-07-07T10:21:40Z"
1596,"2021-07-19T14:26:29Z","2021-07-12T16:19:39Z","2023-07-07T10:21:41Z"
1595,"2021-07-15T11:16:00Z","2021-07-12T11:22:33Z","2023-07-07T10:21:42Z"
1591,"2021-08-12T19:06:44Z","2021-07-08T19:33:53Z","2023-07-07T10:21:43Z"
1589,"2021-07-08T15:25:17Z","2021-07-08T13:13:19Z","2023-07-07T10:21:44Z"
1571,"2021-06-25T14:24:20Z","2021-06-25T12:16:59Z","2023-07-07T10:21:45Z"
1570,"2021-07-06T14:40:36Z","2021-06-24T18:02:50Z","2023-07-07T10:21:46Z"
1569,"2021-09-03T13:56:41Z","2021-06-24T14:33:04Z","2023-07-07T10:21:47Z"
1568,"2021-06-28T10:02:07Z","2021-06-24T12:34:44Z","2023-07-07T10:21:48Z"
1565,"2021-06-24T11:47:35Z","2021-06-23T08:38:27Z","2023-07-07T10:21:49Z"
1558,"2021-06-25T08:21:57Z","2021-06-16T22:35:02Z","2023-07-07T10:21:50Z"
1554,"2021-06-15T12:03:15Z","2021-06-15T09:24:13Z","2023-07-07T10:21:51Z"
1552,"2021-06-22T11:33:13Z","2021-06-14T10:00:13Z","2023-07-07T10:21:52Z"
1550,"2021-06-15T13:23:44Z","2021-06-11T12:13:16Z","2023-07-07T10:21:53Z"
1549,"2021-06-15T13:18:47Z","2021-06-11T11:51:42Z","2023-07-07T10:21:54Z"
1547,"2021-06-21T21:50:17Z","2021-06-11T00:22:16Z","2023-07-07T10:21:55Z"
1540,"2021-06-11T12:21:10Z","2021-06-08T19:30:31Z","2023-07-07T10:21:56Z"
1539,"2021-06-11T11:32:55Z","2021-06-08T18:19:11Z","2023-07-07T10:21:57Z"
1538,"2021-06-09T12:38:58Z","2021-06-08T16:10:45Z","2023-07-07T10:21:58Z"
1535,"2021-07-30T12:48:42Z","2021-06-07T14:38:10Z","2023-07-07T10:21:59Z"
1532,"2021-08-12T15:59:01Z","2021-06-03T13:17:41Z","2023-07-07T10:22:00Z"
1528,"2021-08-12T19:05:22Z","2021-05-31T15:53:36Z","2023-07-07T10:22:01Z"
1521,"2021-05-31T12:17:50Z","2021-05-29T13:54:55Z","2023-07-07T10:22:02Z"
1520,"2021-05-31T09:55:18Z","2021-05-29T03:22:38Z","2023-07-07T10:22:03Z"
1516,"2021-06-11T00:25:54Z","2021-05-25T17:48:38Z","2023-07-07T10:22:04Z"
1515,"2021-07-20T16:27:49Z","2021-05-25T14:08:13Z","2023-07-07T10:22:05Z"
1509,"2021-05-24T18:38:20Z","2021-05-21T22:09:44Z","2023-07-07T10:22:06Z"
1506,"2021-05-26T12:53:49Z","2021-05-21T10:37:14Z","2023-07-07T10:22:07Z"
1505,"2021-08-12T15:52:13Z","2021-05-21T09:49:44Z","2023-07-07T10:22:08Z"
1500,"2021-05-24T15:33:58Z","2021-05-18T15:50:58Z","2023-07-07T10:22:09Z"
1498,,"2021-05-18T15:11:00Z","2023-07-07T10:22:10Z"
1494,"2021-05-21T13:07:50Z","2021-05-17T14:33:27Z","2023-07-07T10:22:11Z"
1492,"2021-05-17T15:53:04Z","2021-05-17T07:33:32Z","2023-07-07T10:22:12Z"
1484,"2021-05-20T13:37:49Z","2021-05-14T14:22:14Z","2023-07-07T10:22:13Z"
1479,"2021-05-20T13:35:43Z","2021-05-13T14:21:08Z","2023-07-07T10:22:14Z"
1478,"2021-05-13T13:07:47Z","2021-05-13T11:47:24Z","2023-07-07T10:22:15Z"
1475,"2021-05-12T14:06:47Z","2021-05-12T12:38:01Z","2023-07-07T10:22:16Z"
1473,"2021-05-13T09:27:51Z","2021-05-11T19:45:15Z","2023-07-07T10:22:17Z"
1471,"2021-05-12T09:29:29Z","2021-05-11T14:57:11Z","2023-07-07T10:22:18Z"
1470,"2021-05-12T09:40:09Z","2021-05-11T14:53:09Z","2023-07-07T10:22:19Z"
1465,"2021-05-12T11:33:46Z","2021-05-10T16:48:43Z","2023-07-07T10:22:20Z"
1452,"2021-05-11T14:03:27Z","2021-05-05T01:46:37Z","2023-07-07T10:22:21Z"
1444,"2021-06-26T14:19:55Z","2021-04-28T13:52:30Z","2023-07-07T10:22:22Z"
1443,"2021-06-28T10:10:40Z","2021-04-28T13:41:43Z","2023-07-07T10:22:23Z"
1440,"2021-06-16T06:44:03Z","2021-04-28T07:42:55Z","2023-07-07T10:22:24Z"
1437,"2021-05-17T11:41:54Z","2021-04-26T13:07:50Z","2023-07-07T10:22:25Z"
1436,"2021-04-26T12:18:02Z","2021-04-26T11:46:17Z","2023-07-07T10:22:26Z"
1431,"2021-04-23T19:25:48Z","2021-04-22T11:59:00Z","2023-07-07T10:22:27Z"
1430,"2021-05-13T11:36:16Z","2021-04-22T11:18:00Z","2023-07-07T10:22:28Z"
1425,"2021-05-17T11:42:28Z","2021-04-20T10:14:22Z","2023-07-07T10:22:29Z"
1416,"2021-04-20T11:47:44Z","2021-04-14T18:38:43Z","2023-07-07T10:22:30Z"
1409,"2021-04-15T09:25:11Z","2021-04-08T17:41:59Z","2023-07-07T10:22:31Z"
1408,"2021-04-08T11:35:03Z","2021-04-07T16:10:13Z","2023-07-07T10:22:32Z"
1406,"2021-04-14T18:43:00Z","2021-04-06T14:57:08Z","2023-07-07T10:22:33Z"
1403,"2021-04-06T16:42:41Z","2021-04-05T07:55:26Z","2023-07-07T10:22:34Z"
1402,"2021-04-05T12:46:10Z","2021-04-05T07:46:15Z","2023-07-07T10:22:35Z"
1397,"2021-04-13T18:31:21Z","2021-04-02T11:10:42Z","2023-07-07T10:22:36Z"
1396,"2021-04-05T12:42:03Z","2021-04-02T07:50:05Z","2023-07-07T10:22:37Z"
1380,"2021-04-06T16:53:11Z","2021-03-17T12:15:35Z","2023-07-07T10:22:38Z"
1378,"2021-03-17T12:00:40Z","2021-03-17T09:16:09Z","2023-07-07T10:22:39Z"
1377,"2021-03-17T16:00:16Z","2021-03-17T04:07:01Z","2023-07-07T10:22:40Z"
1376,"2021-03-17T12:19:22Z","2021-03-17T04:05:01Z","2023-07-07T10:22:41Z"
1375,"2021-04-14T10:59:20Z","2021-03-15T14:33:18Z","2023-07-07T10:22:42Z"
1373,"2021-03-16T18:25:34Z","2021-03-15T09:01:49Z","2023-07-07T10:22:43Z"
1371,"2021-03-15T16:39:30Z","2021-03-14T08:09:27Z","2023-07-07T10:22:44Z"
1370,"2021-03-15T09:02:28Z","2021-03-13T23:21:59Z","2023-07-07T10:22:45Z"
1367,"2021-03-12T12:49:03Z","2021-03-12T11:20:06Z","2023-07-07T10:22:46Z"
1366,"2021-03-15T18:48:37Z","2021-03-11T10:18:17Z","2023-07-07T10:22:47Z"
1356,"2021-03-03T15:10:23Z","2021-03-03T11:21:02Z","2023-07-07T10:22:48Z"
1354,"2021-03-12T09:05:21Z","2021-02-26T15:18:52Z","2023-07-07T10:22:49Z"
1343,"2021-03-12T09:12:24Z","2021-02-17T13:09:00Z","2023-07-07T10:22:50Z"
1340,"2021-02-19T14:06:23Z","2021-02-16T13:16:22Z","2023-07-07T10:22:51Z"
1337,"2021-02-12T13:41:01Z","2021-02-12T12:36:37Z","2023-07-07T10:22:52Z"
1335,"2021-02-11T08:36:36Z","2021-02-10T17:57:50Z","2023-07-07T10:22:53Z"
1325,"2021-02-16T09:46:38Z","2021-02-05T16:25:33Z","2023-07-07T10:22:54Z"
1319,"2021-02-03T19:32:38Z","2021-02-02T15:22:55Z","2023-07-07T10:22:55Z"
1316,"2021-02-03T18:35:19Z","2021-02-01T16:40:44Z","2023-07-07T10:22:56Z"
1315,"2021-02-01T12:24:22Z","2021-01-30T21:24:43Z","2023-07-07T10:22:57Z"
1307,"2021-01-28T18:17:32Z","2021-01-26T07:57:04Z","2023-07-07T10:22:58Z"
1302,"2021-02-05T16:24:34Z","2021-01-21T13:19:32Z","2023-07-07T10:22:59Z"
1301,"2021-01-22T11:32:09Z","2021-01-20T14:47:14Z","2023-07-07T10:23:00Z"
1299,"2021-01-22T08:03:45Z","2021-01-20T09:14:27Z","2023-07-07T10:23:01Z"
1295,"2021-01-19T18:30:28Z","2021-01-18T10:44:17Z","2023-07-07T10:23:02Z"
1294,"2021-01-19T17:32:46Z","2021-01-18T09:17:30Z","2023-07-07T10:23:03Z"
1285,"2021-03-11T10:19:20Z","2021-01-11T09:58:44Z","2023-07-07T10:23:04Z"
1282,"2021-01-20T14:47:22Z","2021-01-08T10:45:50Z","2023-07-07T10:23:05Z"
1277,"2021-02-01T14:48:49Z","2021-01-02T21:46:39Z","2023-07-07T10:23:06Z"
1269,"2021-02-03T22:09:47Z","2020-12-28T20:05:17Z","2023-07-07T10:23:07Z"
1267,"2021-01-18T18:01:13Z","2020-12-25T17:35:12Z","2023-07-07T10:23:08Z"
1260,"2020-12-24T11:57:56Z","2020-12-21T12:46:02Z","2023-07-07T10:23:09Z"
1259,"2020-12-24T12:04:08Z","2020-12-21T08:43:31Z","2023-07-07T10:23:10Z"
1257,"2020-12-22T14:06:44Z","2020-12-18T14:11:18Z","2023-07-07T10:23:11Z"
1256,"2020-12-15T13:25:28Z","2020-12-15T09:06:45Z","2023-07-07T10:23:12Z"
1255,"2021-04-26T11:18:23Z","2020-12-14T09:03:49Z","2023-07-07T10:23:13Z"
1246,"2020-12-10T11:08:40Z","2020-12-10T10:16:45Z","2023-07-07T10:23:14Z"
1244,"2021-01-28T18:15:19Z","2020-12-09T23:15:52Z","2023-07-07T10:23:15Z"
1241,"2020-12-08T12:32:45Z","2020-12-08T10:13:55Z","2023-07-07T10:23:16Z"
1218,"2020-12-10T17:17:39Z","2020-11-24T23:45:52Z","2023-07-07T10:23:17Z"
1216,"2020-11-21T09:18:58Z","2020-11-20T18:18:00Z","2023-07-07T10:23:18Z"
1214,"2020-11-23T16:11:35Z","2020-11-19T17:37:18Z","2023-07-07T10:23:19Z"
1212,"2020-11-23T16:23:19Z","2020-11-19T17:10:13Z","2023-07-07T10:23:20Z"
1211,"2020-11-20T11:16:32Z","2020-11-19T16:44:27Z","2023-07-07T10:23:21Z"
1209,"2020-11-20T13:55:29Z","2020-11-18T15:10:56Z","2023-07-07T10:23:22Z"
1206,"2020-11-17T10:09:25Z","2020-11-15T23:35:03Z","2023-07-07T10:23:23Z"
1204,"2020-11-16T08:25:58Z","2020-11-15T08:11:40Z","2023-07-07T10:23:24Z"
1201,"2020-11-24T11:57:44Z","2020-11-13T08:23:38Z","2023-07-07T10:23:25Z"
1199,"2020-11-23T11:46:38Z","2020-11-12T23:13:52Z","2023-07-07T10:23:26Z"
1197,"2020-12-24T16:36:00Z","2020-11-12T11:31:35Z","2023-07-07T10:23:27Z"
1195,"2020-12-24T10:59:08Z","2020-11-11T17:32:40Z","2023-07-07T10:23:28Z"
1190,"2021-08-12T19:05:45Z","2020-11-08T14:27:04Z","2023-07-07T10:23:29Z"
1184,"2020-11-10T12:00:01Z","2020-11-05T17:11:35Z","2023-07-07T10:23:30Z"
1183,"2020-11-05T11:32:01Z","2020-11-05T11:02:11Z","2023-07-07T10:23:31Z"
1177,"2020-11-13T15:17:34Z","2020-11-02T10:08:38Z","2023-07-07T10:23:32Z"
1174,"2020-11-13T12:01:04Z","2020-10-30T12:31:06Z","2023-07-07T10:23:33Z"
1173,"2020-12-11T13:41:53Z","2020-10-30T11:14:45Z","2023-07-07T10:23:34Z"
1166,"2020-10-28T12:42:36Z","2020-10-27T21:58:23Z","2023-07-07T10:23:35Z"
1164,"2020-12-25T15:14:48Z","2020-10-26T17:32:05Z","2023-07-07T10:23:36Z"
1160,"2020-10-26T11:03:34Z","2020-10-23T11:23:34Z","2023-07-07T10:23:37Z"
1159,"2020-10-23T17:59:54Z","2020-10-22T18:07:46Z","2023-07-07T10:23:38Z"
1158,"2020-10-28T17:08:26Z","2020-10-21T21:12:58Z","2023-07-07T10:23:39Z"
1155,"2020-10-21T17:03:20Z","2020-10-21T07:02:07Z","2023-07-07T10:23:40Z"
1153,"2020-12-24T16:45:26Z","2020-10-19T19:44:50Z","2023-07-07T10:23:41Z"
1150,"2020-10-19T17:02:28Z","2020-10-17T01:59:02Z","2023-07-07T10:23:42Z"
1139,"2020-10-13T10:55:07Z","2020-10-13T07:13:52Z","2023-07-07T10:23:43Z"
1136,"2020-10-22T12:27:40Z","2020-10-12T12:28:28Z","2023-07-07T10:23:44Z"
1132,"2020-10-10T12:56:08Z","2020-10-10T09:26:43Z","2023-07-07T10:23:45Z"
1131,"2020-10-09T13:34:41Z","2020-10-09T12:57:25Z","2023-07-07T10:23:46Z"
1130,"2020-10-28T11:03:05Z","2020-10-09T12:10:36Z","2023-07-07T10:23:47Z"
1126,"2020-10-09T08:48:03Z","2020-10-09T06:16:03Z","2023-07-07T10:23:48Z"
1122,"2020-10-22T12:23:20Z","2020-10-08T10:21:48Z","2023-07-07T10:23:49Z"
1120,"2020-10-08T11:49:45Z","2020-10-07T15:02:58Z","2023-07-07T10:23:50Z"
1117,"2020-10-07T12:07:59Z","2020-10-05T13:44:19Z","2023-07-07T10:23:51Z"
1112,"2020-10-21T17:55:13Z","2020-10-01T11:29:52Z","2023-07-07T10:23:52Z"
1111,"2020-10-05T14:03:58Z","2020-09-30T21:13:00Z","2023-07-07T10:23:53Z"
1108,"2020-10-01T08:32:51Z","2020-09-30T14:26:54Z","2023-07-07T10:23:54Z"
1106,"2020-10-21T16:59:52Z","2020-09-29T14:57:51Z","2023-07-07T10:23:55Z"
1100,"2020-10-03T13:18:32Z","2020-09-25T14:47:32Z","2023-07-07T10:23:56Z"
1096,"2020-10-02T12:44:19Z","2020-09-23T16:09:39Z","2023-07-07T10:23:57Z"
1095,"2020-10-07T15:15:18Z","2020-09-23T09:29:12Z","2023-07-07T10:23:58Z"
1089,"2020-09-21T10:37:49Z","2020-09-19T15:19:45Z","2023-07-07T10:23:59Z"
1088,"2020-09-19T08:06:37Z","2020-09-18T23:29:23Z","2023-07-07T10:24:00Z"
1087,"2020-09-21T11:05:06Z","2020-09-18T14:08:24Z","2023-07-07T10:24:01Z"
1084,"2020-09-21T11:03:53Z","2020-09-17T17:22:33Z","2023-07-07T10:24:02Z"
1083,"2020-09-18T09:05:05Z","2020-09-17T15:32:38Z","2023-07-07T10:24:03Z"
1082,"2020-09-18T17:31:31Z","2020-09-17T15:10:31Z","2023-07-07T10:24:04Z"
1079,"2020-09-17T12:50:14Z","2020-09-16T12:53:38Z","2023-07-07T10:24:05Z"
1076,"2020-09-22T14:03:39Z","2020-09-16T10:31:55Z","2023-07-07T10:24:06Z"
1075,"2020-09-16T09:48:48Z","2020-09-16T08:17:25Z","2023-07-07T10:24:07Z"
1074,"2020-09-16T08:07:11Z","2020-09-16T08:04:14Z","2023-07-07T10:24:08Z"
1070,"2020-09-14T15:10:59Z","2020-09-14T12:38:26Z","2023-07-07T10:24:09Z"
1068,"2020-09-14T10:42:31Z","2020-09-13T13:55:17Z","2023-07-07T10:24:10Z"
1066,"2020-09-13T14:15:08Z","2020-09-12T22:52:41Z","2023-07-07T10:24:11Z"
1064,"2020-09-13T13:11:19Z","2020-09-12T00:14:09Z","2023-07-07T10:24:12Z"
1062,"2020-09-14T11:04:35Z","2020-09-11T13:31:57Z","2023-07-07T10:24:13Z"
1057,"2020-09-09T14:18:00Z","2020-09-08T20:18:54Z","2023-07-07T10:24:14Z"
1054,"2020-09-10T11:53:57Z","2020-09-08T13:03:43Z","2023-07-07T10:24:15Z"
1052,"2020-09-08T11:04:09Z","2020-09-08T09:48:52Z","2023-07-07T10:24:16Z"
1040,"2020-09-07T09:58:45Z","2020-09-05T02:55:22Z","2023-07-07T10:24:17Z"
1038,"2020-09-11T20:01:09Z","2020-09-03T18:20:17Z","2023-07-07T10:24:18Z"
1031,"2020-09-17T17:13:06Z","2020-09-02T13:35:23Z","2023-07-07T10:24:19Z"
1028,"2020-09-02T09:13:15Z","2020-09-01T10:49:44Z","2023-07-07T10:24:20Z"
1020,"2020-09-21T10:24:23Z","2020-08-28T11:38:27Z","2023-07-07T10:24:21Z"
1014,"2020-08-31T17:23:03Z","2020-08-26T07:03:40Z","2023-07-07T10:24:22Z"
1013,"2020-09-02T10:38:32Z","2020-08-26T03:45:12Z","2023-07-07T10:24:23Z"
1011,"2020-08-31T17:42:17Z","2020-08-25T20:37:49Z","2023-07-07T10:24:24Z"
1007,"2020-08-25T11:31:09Z","2020-08-24T18:14:06Z","2023-07-07T10:24:25Z"
990,"2020-08-19T08:50:42Z","2020-08-19T01:20:26Z","2023-07-07T10:24:26Z"
988,"2020-08-18T21:20:16Z","2020-08-18T21:19:22Z","2023-07-07T10:24:27Z"
986,"2020-08-18T08:27:16Z","2020-08-18T07:26:43Z","2023-07-07T10:24:28Z"
985,"2020-08-18T09:01:48Z","2020-08-18T01:49:01Z","2023-07-07T10:24:29Z"
982,"2020-10-02T12:45:05Z","2020-08-17T12:45:18Z","2023-07-07T10:24:30Z"
977,"2020-08-31T17:18:15Z","2020-08-15T15:41:30Z","2023-07-07T10:24:31Z"
974,"2020-08-14T12:13:52Z","2020-08-14T12:02:22Z","2023-07-07T10:24:32Z"
972,"2020-08-15T12:34:51Z","2020-08-13T15:32:50Z","2023-07-07T10:24:33Z"
971,"2020-08-17T10:10:25Z","2020-08-13T15:27:28Z","2023-07-07T10:24:34Z"
966,"2020-08-15T12:23:14Z","2020-08-11T16:56:24Z","2023-07-07T10:24:35Z"
965,"2020-08-12T16:10:54Z","2020-08-11T12:00:56Z","2023-07-07T10:24:36Z"
960,"2020-08-11T12:08:18Z","2020-08-05T14:24:53Z","2023-07-07T10:24:37Z"
958,"2020-08-10T12:18:36Z","2020-08-03T15:22:30Z","2023-07-07T10:24:38Z"
953,"2020-08-03T11:40:26Z","2020-07-30T16:07:23Z","2023-07-07T10:24:39Z"
952,"2020-07-30T17:28:30Z","2020-07-30T12:40:32Z","2023-07-07T10:24:40Z"
950,"2020-07-30T16:57:38Z","2020-07-30T11:16:40Z","2023-07-07T10:24:41Z"
948,"2020-07-30T11:17:07Z","2020-07-29T09:50:08Z","2023-07-07T10:24:42Z"
947,"2020-10-05T12:38:35Z","2020-07-29T07:20:14Z","2023-07-07T10:24:43Z"
945,"2020-08-03T19:46:55Z","2020-07-28T17:16:19Z","2023-07-07T10:24:44Z"
942,"2020-07-29T16:30:12Z","2020-07-28T15:31:05Z","2023-07-07T10:24:45Z"
938,"2020-07-28T15:22:06Z","2020-07-27T15:15:53Z","2023-07-07T10:24:46Z"
937,"2020-07-28T09:53:48Z","2020-07-27T13:20:49Z","2023-07-07T10:24:47Z"
936,"2020-07-27T11:03:39Z","2020-07-26T20:50:53Z","2023-07-07T10:24:48Z"
933,"2020-08-11T09:27:37Z","2020-07-24T15:30:38Z","2023-07-07T10:24:49Z"
931,"2020-07-27T15:32:07Z","2020-07-23T17:04:32Z","2023-07-07T10:24:50Z"
930,"2020-07-29T16:32:29Z","2020-07-23T14:18:08Z","2023-07-07T10:24:51Z"
926,"2020-07-23T13:29:00Z","2020-07-22T17:48:52Z","2023-07-07T10:24:52Z"
924,"2020-07-22T11:53:02Z","2020-07-22T09:38:18Z","2023-07-07T10:24:53Z"
923,"2020-07-21T20:18:10Z","2020-07-21T17:39:24Z","2023-07-07T10:24:54Z"
922,"2020-07-21T11:47:33Z","2020-07-20T17:51:00Z","2023-07-07T10:24:55Z"
920,"2020-07-22T11:10:04Z","2020-07-20T16:07:22Z","2023-07-07T10:24:56Z"
919,"2020-07-21T16:46:20Z","2020-07-20T15:44:43Z","2023-07-07T10:24:57Z"
916,"2020-07-21T18:04:10Z","2020-07-17T15:40:56Z","2023-07-07T10:24:58Z"
915,"2020-07-21T19:13:44Z","2020-07-16T13:15:41Z","2023-07-07T10:24:59Z"
914,"2020-07-21T19:20:03Z","2020-07-16T10:00:13Z","2023-07-07T10:25:00Z"
912,"2020-07-22T10:53:29Z","2020-07-15T17:51:29Z","2023-07-07T10:25:01Z"
911,"2020-07-21T09:47:22Z","2020-07-15T16:49:42Z","2023-07-07T10:25:02Z"
906,"2020-07-13T18:14:04Z","2020-07-13T16:56:18Z","2023-07-07T10:25:03Z"
905,"2020-07-13T12:26:18Z","2020-07-13T11:27:37Z","2023-07-07T10:25:04Z"
904,"2020-07-13T11:02:04Z","2020-07-13T10:38:07Z","2023-07-07T10:25:05Z"
903,"2020-07-15T16:49:06Z","2020-07-13T09:07:30Z","2023-07-07T10:25:06Z"
899,"2020-07-13T18:13:16Z","2020-07-10T08:56:13Z","2023-07-07T10:25:07Z"
898,"2020-07-29T11:27:36Z","2020-07-10T05:04:48Z","2023-07-07T10:25:08Z"
895,"2020-07-17T15:10:43Z","2020-07-08T17:50:48Z","2023-07-07T10:25:09Z"
894,"2020-07-12T19:50:58Z","2020-07-08T15:19:54Z","2023-07-07T10:25:10Z"
892,"2020-07-09T18:17:35Z","2020-07-08T12:36:43Z","2023-07-07T10:25:11Z"
891,"2020-07-08T15:50:52Z","2020-07-07T19:31:42Z","2023-07-07T10:25:12Z"
884,"2020-07-13T10:35:56Z","2020-07-02T17:33:29Z","2023-07-07T10:25:13Z"
883,"2020-07-08T11:23:19Z","2020-07-02T15:36:32Z","2023-07-07T10:25:14Z"
882,"2020-07-13T16:58:18Z","2020-07-02T11:36:12Z","2023-07-07T10:25:15Z"
881,"2020-07-08T11:22:49Z","2020-07-02T11:14:58Z","2023-07-07T10:25:16Z"
880,"2020-07-07T18:12:48Z","2020-07-02T09:25:22Z","2023-07-07T10:25:17Z"
878,"2020-07-02T11:50:40Z","2020-06-30T16:54:57Z","2023-07-07T10:25:18Z"
877,"2020-07-02T11:17:48Z","2020-06-29T13:41:04Z","2023-07-07T10:25:19Z"
876,"2020-06-30T12:11:05Z","2020-06-29T11:51:17Z","2023-07-07T10:25:20Z"
875,"2020-06-29T15:33:28Z","2020-06-26T09:04:54Z","2023-07-07T10:25:21Z"
873,"2020-06-29T12:16:37Z","2020-06-23T12:55:59Z","2023-07-07T10:25:22Z"
872,"2020-06-29T12:36:03Z","2020-06-23T12:50:10Z","2023-07-07T10:25:23Z"
871,"2020-06-30T16:23:12Z","2020-06-22T16:54:17Z","2023-07-07T10:25:24Z"
868,"2020-06-19T14:25:39Z","2020-06-19T10:18:49Z","2023-07-07T10:25:25Z"
864,"2020-06-14T14:43:38Z","2020-06-14T14:21:10Z","2023-07-07T10:25:26Z"
863,"2020-06-14T11:30:58Z","2020-06-10T18:00:17Z","2023-07-07T10:25:27Z"
861,"2020-06-17T13:41:01Z","2020-06-09T10:57:21Z","2023-07-07T10:25:28Z"
855,"2020-06-05T11:05:11Z","2020-06-05T03:18:56Z","2023-07-07T10:25:29Z"
853,"2020-06-22T09:16:14Z","2020-06-04T18:04:48Z","2023-07-07T10:25:30Z"
852,"2020-06-03T23:24:30Z","2020-06-03T23:19:11Z","2023-07-07T10:25:31Z"
851,"2020-06-09T08:49:36Z","2020-06-03T10:05:12Z","2023-07-07T10:25:32Z"
850,"2020-06-16T15:18:49Z","2020-06-02T17:36:57Z","2023-07-07T10:25:33Z"
849,"2020-06-01T15:24:42Z","2020-06-01T08:42:52Z","2023-07-07T10:25:34Z"
846,"2020-07-07T17:16:51Z","2020-05-28T19:25:55Z","2023-07-07T10:25:35Z"
844,"2020-06-02T14:31:46Z","2020-05-26T13:30:46Z","2023-07-07T10:25:36Z"
843,"2020-05-26T12:54:39Z","2020-05-21T15:08:51Z","2023-07-07T10:25:37Z"
841,"2020-05-20T08:51:47Z","2020-05-19T09:03:07Z","2023-07-07T10:25:38Z"
821,"2020-04-28T10:17:53Z","2020-04-28T09:42:02Z","2023-07-07T10:25:39Z"
820,"2020-04-27T13:48:50Z","2020-04-27T09:13:29Z","2023-07-07T10:25:40Z"
819,"2020-04-28T12:59:30Z","2020-04-26T18:13:45Z","2023-07-07T10:25:41Z"
811,"2020-09-13T14:01:15Z","2020-04-21T10:59:26Z","2023-07-07T10:25:42Z"
810,"2020-04-27T11:19:41Z","2020-04-20T13:53:58Z","2023-07-07T10:25:43Z"
808,"2020-04-20T13:52:39Z","2020-04-20T13:31:17Z","2023-07-07T10:25:44Z"
800,"2020-04-15T09:38:16Z","2020-04-13T12:04:37Z","2023-07-07T10:25:45Z"
798,"2020-04-13T12:04:45Z","2020-04-12T07:41:30Z","2023-07-07T10:25:46Z"
794,"2020-04-13T12:43:16Z","2020-04-08T12:29:38Z","2023-07-07T10:25:47Z"
790,"2020-04-09T13:08:27Z","2020-04-06T14:48:23Z","2023-07-07T10:25:48Z"
787,"2020-04-06T10:55:34Z","2020-04-05T16:18:05Z","2023-07-07T10:25:49Z"
784,"2020-04-03T13:39:32Z","2020-04-03T05:07:20Z","2023-07-07T10:25:50Z"
781,"2020-03-27T16:03:31Z","2020-03-27T15:00:27Z","2023-07-07T10:25:51Z"
780,"2020-04-06T19:30:26Z","2020-03-27T12:18:10Z","2023-07-07T10:25:52Z"
778,"2020-04-13T11:52:20Z","2020-03-26T14:29:11Z","2023-07-07T10:25:53Z"
777,"2020-03-26T14:22:15Z","2020-03-26T14:21:42Z","2023-07-07T10:25:54Z"
772,"2020-03-23T12:00:39Z","2020-03-23T11:57:42Z","2023-07-07T10:25:55Z"
767,"2020-03-26T10:49:22Z","2020-03-20T09:26:22Z","2023-07-07T10:25:56Z"
760,"2020-04-09T13:06:11Z","2020-03-17T13:35:59Z","2023-07-07T10:25:57Z"
758,"2020-03-20T08:59:47Z","2020-03-13T14:00:44Z","2023-07-07T10:25:58Z"
750,"2020-03-12T10:09:42Z","2020-03-10T13:06:28Z","2023-07-07T10:25:59Z"
738,"2020-03-04T19:29:02Z","2020-03-04T18:45:35Z","2023-07-07T10:26:00Z"
737,"2020-03-04T13:56:37Z","2020-03-04T10:19:39Z","2023-07-07T10:26:01Z"
732,"2020-03-04T11:16:47Z","2020-03-04T09:47:16Z","2023-07-07T10:26:02Z"
731,"2020-03-04T08:46:45Z","2020-03-03T16:23:32Z","2023-07-07T10:26:03Z"
726,"2020-03-23T11:53:18Z","2020-03-02T15:39:57Z","2023-07-07T10:26:04Z"
725,"2020-03-11T12:14:04Z","2020-03-02T14:06:58Z","2023-07-07T10:26:05Z"
724,"2020-06-01T09:09:31Z","2020-03-02T11:32:40Z","2023-07-07T10:26:06Z"
723,"2020-03-02T16:29:08Z","2020-02-28T13:18:30Z","2023-07-07T10:26:07Z"
718,"2020-02-26T11:28:17Z","2020-02-20T15:53:33Z","2023-07-07T10:26:08Z"
717,"2020-04-09T13:01:58Z","2020-02-20T11:40:25Z","2023-07-07T10:26:09Z"
715,"2020-02-26T13:05:24Z","2020-02-19T13:34:47Z","2023-07-07T10:26:10Z"
714,"2020-02-19T09:16:29Z","2020-02-18T16:27:37Z","2023-07-07T10:26:11Z"
713,"2020-02-19T08:55:44Z","2020-02-18T15:55:05Z","2023-07-07T10:26:12Z"
711,"2020-02-27T14:57:43Z","2020-02-18T11:34:10Z","2023-07-07T10:26:13Z"
707,"2020-02-19T09:42:42Z","2020-02-17T13:40:28Z","2023-07-07T10:26:14Z"
698,"2020-02-14T14:39:45Z","2020-02-10T10:42:23Z","2023-07-07T10:26:15Z"
696,"2020-02-13T12:44:48Z","2020-02-07T12:47:10Z","2023-07-07T10:26:16Z"
695,"2020-03-20T09:53:55Z","2020-02-07T12:36:53Z","2023-07-07T10:26:17Z"
694,"2020-02-14T14:37:48Z","2020-02-07T04:11:26Z","2023-07-07T10:26:18Z"
690,"2020-02-13T13:15:55Z","2020-02-05T14:37:33Z","2023-07-07T10:26:19Z"
688,"2020-02-05T12:13:44Z","2020-02-05T11:56:54Z","2023-07-07T10:26:20Z"
686,"2020-02-13T12:52:36Z","2020-02-03T18:37:56Z","2023-07-07T10:26:21Z"
682,"2020-02-06T08:57:47Z","2020-01-30T13:09:05Z","2023-07-07T10:26:22Z"
680,"2020-01-30T11:50:09Z","2020-01-29T19:25:05Z","2023-07-07T10:26:23Z"
679,"2020-01-28T16:08:13Z","2020-01-28T15:13:37Z","2023-07-07T10:26:24Z"
675,"2020-01-29T17:58:37Z","2020-01-27T19:39:09Z","2023-07-07T10:26:25Z"
674,"2020-01-28T11:32:25Z","2020-01-27T16:25:54Z","2023-07-07T10:26:26Z"
672,"2020-01-27T12:07:40Z","2020-01-24T16:08:16Z","2023-07-07T10:26:27Z"
671,"2020-01-29T10:03:54Z","2020-01-24T15:51:07Z","2023-07-07T10:26:28Z"
670,"2020-01-30T09:25:06Z","2020-01-23T16:19:04Z","2023-07-07T10:26:29Z"
668,"2020-01-30T09:25:20Z","2020-01-22T10:25:42Z","2023-07-07T10:26:30Z"
665,"2020-01-24T11:13:16Z","2020-01-20T17:12:20Z","2023-07-07T10:26:31Z"
664,"2020-02-14T12:43:01Z","2020-01-20T16:36:09Z","2023-07-07T10:26:32Z"
658,"2020-01-20T16:26:23Z","2020-01-17T15:51:42Z","2023-07-07T10:26:33Z"
651,"2020-01-20T09:25:00Z","2020-01-09T19:08:09Z","2023-07-07T10:26:34Z"
